ts,uid,id.orig_h,id.orig_p,id.resp_h,id.resp_p,trans_depth,method,host,uri,referrer,version,user_agent,origin,request_body_len,response_body_len,status_code,status_msg,info_code,info_msg,tags,username,password,proxied,orig_fuids,orig_filenames,orig_mime_types,resp_fuids,resp_filenames,resp_mime_types
2024-09-22T21:41:49-0600,CtGSHl3nUBWasvfz85,10.11.75.222,39999,10.11.76.25,80,1,GET,0xf20b415.ru,/,-,1.1,CustomClient/1.0,-,0,19,200,OK,-,-,(empty),-,-,-,-,-,-,Fye4uk1efXI1VIqtxh,-,text/html
2024-09-22T21:41:49-0600,CCFocGIgmwxNCqGj,10.11.75.222,39999,10.11.76.25,80,1,GET,13194.funian.life,/,-,1.1,CustomClient/1.0,-,0,19,200,OK,-,-,(empty),-,-,-,-,-,-,FB1FDi3ifgaZTFCDn9,-,text/html
2024-09-22T21:41:49-0600,CPRwB5gko3eV0zUm1,10.11.75.222,39999,10.11.76.25,80,1,GET,1717.1000uc.com,/,-,1.1,CustomClient/1.0,-,0,19,200,OK,-,-,(empty),-,-,-,-,-,-,Fg6WBx2d25gpTTAyQa,-,text/html
2024-09-22T21:41:49-0600,CW7Lsj2FfqftmxB2h9,10.11.75.222,39999,10.11.76.25,80,1,GET,2.haory.cn,/,-,1.1,CustomClient/1.0,-,0,19,200,OK,-,-,(empty),-,-,-,-,-,-,FE8jQN1pnDfJVjP6p6,-,text/html
2024-09-22T21:41:49-0600,Cp545G4M3iLya0pTs4,10.11.75.222,39999,10.11.76.25,80,1,GET,admin.econ.gg,/,-,1.1,CustomClient/1.0,-,0,19,200,OK,-,-,(empty),-,-,-,-,-,-,FRR3wf3BNV8GbOKH02,-,text/html
2024-09-22T21:41:49-0600,CS0vyp18aX9YxatLb3,10.11.75.222,39999,10.11.76.25,80,1,GET,af.peertube.red,/,-,1.1,CustomClient/1.0,-,0,19,200,OK,-,-,(empty),-,-,-,-,-,-,Fo2DKd1Ati948Vx6D2,-,text/html
2024-09-22T21:41:49-0600,CcQYPH2XjNzPobBRgf,10.11.75.222,39999,10.11.76.25,80,1,GET,aiiaiafrzrueuedur.net,/,-,1.1,CustomClient/1.0,-,0,19,200,OK,-,-,(empty),-,-,-,-,-,-,FDDmq14PDLy9tDA96i,-,text/html
2024-09-22T21:41:50-0600,CBfaA23a9TGJTC5LIk,10.11.75.222,39999,10.11.76.25,80,1,GET,aldiablo.cl,/,-,1.1,CustomClient/1.0,-,0,19,200,OK,-,-,(empty),-,-,-,-,-,-,F8cesv2IpBoyARlbA3,-,text/html
2024-09-22T21:41:50-0600,COPT1r2iqD6jq4hj69,10.11.75.222,39999,10.11.76.25,80,1,GET,amrapaliheartbeatcity.com,/,-,1.1,CustomClient/1.0,-,0,19,200,OK,-,-,(empty),-,-,-,-,-,-,FNBTNAgHfnJ52Gcs,-,text/html
2024-09-22T21:41:50-0600,CAHD1o2qyNR9Td29Xe,10.11.75.222,39999,10.11.76.25,80,1,GET,apf.ceprone.com,/,-,1.1,CustomClient/1.0,-,0,19,200,OK,-,-,(empty),-,-,-,-,-,-,FYB5Uw35g35IIkiNZ5,-,text/html
2024-09-22T21:41:50-0600,CW5bbI1FBT2Fhq9blf,10.11.75.222,39999,10.11.76.25,80,1,GET,artmarcas.ceprone.com,/,-,1.1,CustomClient/1.0,-,0,19,200,OK,-,-,(empty),-,-,-,-,-,-,FFTR3K10I3KZDYUaN7,-,text/html
2024-09-22T21:41:50-0600,CVSR5b4Oaef2kOEUDe,10.11.75.222,39999,10.11.76.25,80,1,GET,atsegypt.com,/,-,1.1,CustomClient/1.0,-,0,19,200,OK,-,-,(empty),-,-,-,-,-,-,FlcAqQ1kei5x2o8Yk3,-,text/html
2024-09-22T21:41:51-0600,C58rLu4AowMnfXFxG3,10.11.75.222,39999,10.11.76.25,80,1,GET,avast-antivirus.com,/,-,1.1,CustomClient/1.0,-,0,19,200,OK,-,-,(empty),-,-,-,-,-,-,FIzOBU3nNf5dtniQN9,-,text/html
2024-09-22T21:41:51-0600,CmoAXDzftGLejRHH7,10.11.75.222,39999,10.11.76.25,80,1,GET,avast-antivirusdownload.com,/,-,1.1,CustomClient/1.0,-,0,19,200,OK,-,-,(empty),-,-,-,-,-,-,FWGEQ14igdx3chn0x6,-,text/html
2024-09-22T21:41:51-0600,CSeAL91VJwCDhacIR5,10.11.75.222,39999,10.11.76.25,80,1,GET,banydox.com,/,-,1.1,CustomClient/1.0,-,0,19,200,OK,-,-,(empty),-,-,-,-,-,-,F3jcX43HUTnKpUBQg,-,text/html
2024-09-22T21:41:52-0600,CGx0dy2giLrOA43NRe,10.11.75.222,39999,10.11.76.25,80,1,GET,brickkiln.org,/,-,1.1,CustomClient/1.0,-,0,19,200,OK,-,-,(empty),-,-,-,-,-,-,F18ccdsrxR2V4PP8i,-,text/html
2024-09-22T21:41:52-0600,CIOvfP2mXOt4lzuYp4,10.11.75.222,39999,10.11.76.25,80,1,GET,buscascolegios.diit.cl,/,-,1.1,CustomClient/1.0,-,0,19,200,OK,-,-,(empty),-,-,-,-,-,-,FUZSUz44iH35A1dWn8,-,text/html
2024-09-22T21:41:53-0600,CjmtW03GSWwvWEbfHh,10.11.75.222,39999,10.11.76.25,80,1,GET,caca.szcoolgame.com,/,-,1.1,CustomClient/1.0,-,0,19,200,OK,-,-,(empty),-,-,-,-,-,-,FcHnhm4q3OPGAUYHa4,-,text/html
2024-09-22T21:41:53-0600,CxBSFU1cC7mzm2kYvj,10.11.75.222,39999,10.11.76.25,80,1,GET,checkout.ceprone.com,/,-,1.1,CustomClient/1.0,-,0,19,200,OK,-,-,(empty),-,-,-,-,-,-,FP2Xnx1mM8u7vTvNxh,-,text/html
2024-09-22T21:41:54-0600,CHrED941Yy1QmOZ8h3,10.11.75.222,39999,10.11.76.25,80,1,GET,cloud.antharris.top,/,-,1.1,CustomClient/1.0,-,0,19,200,OK,-,-,(empty),-,-,-,-,-,-,FQf1Qq2RfkvKbIBLge,-,text/html
2024-09-22T21:41:55-0600,Cj1sTkaTkC6xPr0rc,10.11.75.222,39999,10.11.76.25,80,1,GET,d.qqzx.cc,/,-,1.1,CustomClient/1.0,-,0,19,200,OK,-,-,(empty),-,-,-,-,-,-,F8kxvs3gcUBWuwjjK1,-,text/html
2024-09-22T21:41:55-0600,CMWQ4b3967T3bQOXae,10.11.75.222,39999,10.11.76.25,80,1,GET,daretodream.cloud,/,-,1.1,CustomClient/1.0,-,0,19,200,OK,-,-,(empty),-,-,-,-,-,-,FlcadsjBdefxk46sg,-,text/html
2024-09-22T21:41:55-0600,CuNqNZ3Vl5PtNg1h7d,10.11.75.222,39999,10.11.76.25,80,1,GET,dedecms.xueshenit.com,/,-,1.1,CustomClient/1.0,-,0,19,200,OK,-,-,(empty),-,-,-,-,-,-,FTJeGh1ExRZQVvFwKa,-,text/html
2024-09-22T21:41:56-0600,CD5pGG1ZRTQ4cIkQu1,10.11.75.222,39999,10.11.76.25,80,1,GET,dfgdfgfhgjfggedfgdfhvh.xyz,/,-,1.1,CustomClient/1.0,-,0,19,200,OK,-,-,(empty),-,-,-,-,-,-,FN2PLn4v8pahykfWNf,-,text/html
2024-09-22T21:41:56-0600,CE7fL52Notazy8rQI5,10.11.75.222,39999,10.11.76.25,80,1,GET,dhnconstrucciones.com.ar,/,-,1.1,CustomClient/1.0,-,0,19,200,OK,-,-,(empty),-,-,-,-,-,-,FbxUTl32rQpHJyodUf,-,text/html
2024-09-22T21:41:57-0600,CCZw75J5aOP8GjQ48,10.11.75.222,39999,10.11.76.25,80,1,GET,dl.1003b.56a.com,/,-,1.1,CustomClient/1.0,-,0,19,200,OK,-,-,(empty),-,-,-,-,-,-,FCKaL42adtc8BryQIk,-,text/html
2024-09-22T21:41:57-0600,CeG5Hw4JGgJavGbbhf,10.11.75.222,39999,10.11.76.25,80,1,GET,dl.packetstormsecurity.net,/,-,1.1,CustomClient/1.0,-,0,19,200,OK,-,-,(empty),-,-,-,-,-,-,FOzITy1b7tjD5R2AWj,-,text/html
2024-09-22T21:41:57-0600,C0439P1eYjUx3V2Fm6,10.11.75.222,39999,10.11.76.25,80,1,GET,dnarchitetti.com,/,-,1.1,CustomClient/1.0,-,0,19,200,OK,-,-,(empty),-,-,-,-,-,-,FInrQa38n6MjDJWuO2,-,text/html
2024-09-22T21:41:59-0600,CzUUW43CUpqxb5S9Id,10.11.75.222,39999,10.11.76.25,80,1,GET,eb2a.live,/,-,1.1,CustomClient/1.0,-,0,19,200,OK,-,-,(empty),-,-,-,-,-,-,FD7wNi3M2yLJxBacS6,-,text/html
2024-09-23T17:42:14-0600,CpAGy51jJ75tRTndla,10.11.75.222,39999,10.11.76.25,80,1,GET,1.bdl99down.kukulaa.cn,/,-,1.1,CustomClient/1.0,-,0,19,200,OK,-,-,(empty),-,-,-,-,-,-,FCX16l2TWuqOHaIFZ,-,text/html
2024-09-23T17:42:14-0600,CAL7tu3QTFBDqql3oe,10.11.75.222,39999,10.11.76.25,80,1,GET,absa.ceprone.com,/,-,1.1,CustomClient/1.0,-,0,19,200,OK,-,-,(empty),-,-,-,-,-,-,FEquYR1dUYfoF5nYOi,-,text/html
2024-09-23T17:42:14-0600,CU70j535GU4oGx9Pk8,10.11.75.222,39999,10.11.76.25,80,1,GET,adf6.adf6.com,/,-,1.1,CustomClient/1.0,-,0,19,200,OK,-,-,(empty),-,-,-,-,-,-,FDnRzV3Bd78fuWHqv8,-,text/html
2024-09-23T17:42:14-0600,CKWUc3m0s6MGDTtx,10.11.75.222,39999,10.11.76.25,80,1,GET,admin.antharris.top,/,-,1.1,CustomClient/1.0,-,0,19,200,OK,-,-,(empty),-,-,-,-,-,-,FhYKRn3DIXiNm93m8f,-,text/html
2024-09-23T17:42:14-0600,CATkAi3R8d3FQUQgfe,10.11.75.222,39999,10.11.76.25,80,1,GET,almrwad.com,/,-,1.1,CustomClient/1.0,-,0,19,200,OK,-,-,(empty),-,-,-,-,-,-,FTusUrqlHzz7LEa3l,-,text/html
2024-09-23T17:42:14-0600,CJWq7RD6Rt0DAlmVj,10.11.75.222,39999,10.11.76.25,80,1,GET,alsadekllc.com,/,-,1.1,CustomClient/1.0,-,0,19,200,OK,-,-,(empty),-,-,-,-,-,-,FHN8bV30h9tsxkYCdc,-,text/html
2024-09-23T17:42:14-0600,CSVhzm1Gj5xpE0NdR,10.11.75.222,39999,10.11.76.25,80,1,GET,ambiencetivertonn.com,/,-,1.1,CustomClient/1.0,-,0,19,200,OK,-,-,(empty),-,-,-,-,-,-,Ftg14A1unpw0cHoSy5,-,text/html
2024-09-23T17:42:15-0600,CcUdhH3RB1LDtJJLWf,10.11.75.222,39999,10.11.76.25,80,1,GET,ambyverce.com,/,-,1.1,CustomClient/1.0,-,0,19,200,OK,-,-,(empty),-,-,-,-,-,-,FBh1km2NAnSa2tYxMk,-,text/html
2024-09-23T17:42:15-0600,CXO4tn4SH5nGaTgFy5,10.11.75.222,39999,10.11.76.25,80,1,GET,aosafrica.co.za,/,-,1.1,CustomClient/1.0,-,0,19,200,OK,-,-,(empty),-,-,-,-,-,-,FVX3OP2iY3p7apPms4,-,text/html
2024-09-23T17:42:15-0600,CNYqnj3iIL6owMRW17,10.11.75.222,39999,10.11.76.25,80,1,GET,api.52kkg.com,/,-,1.1,CustomClient/1.0,-,0,19,200,OK,-,-,(empty),-,-,-,-,-,-,FsWcab2kXYVwOWcv74,-,text/html
2024-09-23T17:42:15-0600,CB8Qec1Zt7thm5Lmch,10.11.75.222,39999,10.11.76.25,80,1,GET,arctus.ca,/,-,1.1,CustomClient/1.0,-,0,19,200,OK,-,-,(empty),-,-,-,-,-,-,FgrKxE1tiGNmvgGel1,-,text/html
2024-09-23T17:42:15-0600,CvQEkW2VaIJx7Fe0ub,10.11.75.222,39999,10.11.76.25,80,1,GET,atsknightsbridge.in,/,-,1.1,CustomClient/1.0,-,0,19,200,OK,-,-,(empty),-,-,-,-,-,-,FI3inj3PZwjnl11Nr8,-,text/html
2024-09-23T17:42:15-0600,CNshLI1GlyumQStmfg,10.11.75.222,39999,10.11.76.25,80,1,GET,aulist.com,/,-,1.1,CustomClient/1.0,-,0,19,200,OK,-,-,(empty),-,-,-,-,-,-,FKnmsY1ZomGRXEIKUh,-,text/html
2024-09-23T17:42:16-0600,CeYtmEOtBdlwXUAw9,10.11.75.222,39999,10.11.76.25,80,1,GET,avastcsw.com,/,-,1.1,CustomClient/1.0,-,0,19,200,OK,-,-,(empty),-,-,-,-,-,-,FrC7fsBoCAgDeK6Q9,-,text/html
2024-09-23T17:42:16-0600,CPhKix2dEtUpemtmD8,10.11.75.222,39999,10.11.76.25,80,1,GET,bazarganadero.com,/,-,1.1,CustomClient/1.0,-,0,19,200,OK,-,-,(empty),-,-,-,-,-,-,F14dRNWuSijnYYbD4,-,text/html
2024-09-23T17:42:17-0600,CYsKCW2Gii3wWvxA7e,10.11.75.222,39999,10.11.76.25,80,1,GET,bitkiselurunsiparis.com,/,-,1.1,CustomClient/1.0,-,0,19,200,OK,-,-,(empty),-,-,-,-,-,-,FBF0jf3u7RgHBqIk1,-,text/html
2024-09-23T17:42:17-0600,CeJcI83JHdzQM87Vf,10.11.75.222,39999,10.11.76.25,80,1,GET,bruiserbodies.com,/,-,1.1,CustomClient/1.0,-,0,19,200,OK,-,-,(empty),-,-,-,-,-,-,FJhU7z1Zk9fPkWwX1h,-,text/html
2024-09-23T17:42:17-0600,Cu8LiF2OCv9IbND2C7,10.11.75.222,39999,10.11.76.25,80,1,GET,brunafarinonpediatra.com.br,/,-,1.1,CustomClient/1.0,-,0,19,200,OK,-,-,(empty),-,-,-,-,-,-,FSE7HJ2oW1l8WN1oO9,-,text/html
2024-09-23T17:42:18-0600,C1cWBb3Y2QdMgpwjq9,10.11.75.222,39999,10.11.76.25,80,1,GET,caprolactam.co.in,/,-,1.1,CustomClient/1.0,-,0,19,200,OK,-,-,(empty),-,-,-,-,-,-,Fuhk6V2nNiaGtsjsTf,-,text/html
2024-09-23T17:42:19-0600,CYIx8R2SzSQ76nbyZc,10.11.75.222,39999,10.11.76.25,80,1,GET,chefspavilion.com,/,-,1.1,CustomClient/1.0,-,0,19,200,OK,-,-,(empty),-,-,-,-,-,-,FIrCLt4ur55e3sAY3d,-,text/html
2024-09-23T17:42:19-0600,CjLxcB18lFP42iz9G3,10.11.75.222,39999,10.11.76.25,80,1,GET,ciscocdn.com,/,-,1.1,CustomClient/1.0,-,0,19,200,OK,-,-,(empty),-,-,-,-,-,-,FT491b2lLNywXAIr0e,-,text/html
2024-09-23T17:42:19-0600,CbfdsJlCb82NcRdR4,10.11.75.222,39999,10.11.76.25,80,1,GET,contemega.com.do,/,-,1.1,CustomClient/1.0,-,0,19,200,OK,-,-,(empty),-,-,-,-,-,-,FHUSNz440PCt2iUq8i,-,text/html
2024-09-23T17:42:20-0600,Cbd0BfPIejbvEV1u,10.11.75.222,39999,10.11.76.25,80,1,GET,criapediatria.com.br,/,-,1.1,CustomClient/1.0,-,0,19,200,OK,-,-,(empty),-,-,-,-,-,-,FIycIO2DAe83RHQypj,-,text/html
2024-09-23T17:42:20-0600,Ckwu044t7ku7peyX9b,10.11.75.222,39999,10.11.76.25,80,1,GET,crome-update-gr.com,/,-,1.1,CustomClient/1.0,-,0,19,200,OK,-,-,(empty),-,-,-,-,-,-,F8XNHn4fTAd3PjbcO6,-,text/html
2024-09-23T17:42:21-0600,CQFUZ5pAD8ri1RRVf,10.11.75.222,39999,10.11.76.25,80,1,GET,deauduafzgezzfgm.top,/,-,1.1,CustomClient/1.0,-,0,19,200,OK,-,-,(empty),-,-,-,-,-,-,FN81YJ39wL7IXJyhVg,-,text/html
2024-09-23T17:42:21-0600,CdT9r4rCoBtvqLGra,10.11.75.222,39999,10.11.76.25,80,1,GET,dedecms.xueshenit.com,/,-,1.1,CustomClient/1.0,-,0,19,200,OK,-,-,(empty),-,-,-,-,-,-,F3oEZm3N2YsthPEGcb,-,text/html
2024-09-23T17:42:22-0600,CgCgH51eLReHbvS7W5,10.11.75.222,39999,10.11.76.25,80,1,GET,dl.1003b.56a.com,/,-,1.1,CustomClient/1.0,-,0,19,200,OK,-,-,(empty),-,-,-,-,-,-,FlQbcn2S6H9FlIkDgc,-,text/html
2024-09-23T17:42:22-0600,CQFKJb16xN2q3axZHb,10.11.75.222,39999,10.11.76.25,80,1,GET,dld.jxwan.com,/,-,1.1,CustomClient/1.0,-,0,19,200,OK,-,-,(empty),-,-,-,-,-,-,Fiu92y4iWQZPTq6qTj,-,text/html
2024-09-23T17:42:23-0600,CESoRw4mvlXmyhvU76,10.11.75.222,39999,10.11.76.25,80,1,GET,dnvk1.info,/,-,1.1,CustomClient/1.0,-,0,19,200,OK,-,-,(empty),-,-,-,-,-,-,FAvbK52I1GnwhnEXW6,-,text/html
2024-09-23T17:42:19-0600,CjLxcB18lFP42iz9G3,10.11.75.222,39999,10.11.76.25,80,1,POST,ciscocdn.com,/,-,1.1,CustomClient/1.0,-,0,19,200,OK,-,-,(empty),-,-,-,-,-,-,FT491b2lLNywXAIr0e,-,text/html
2024-09-23T17:42:19-0600,CbfdsJlCb82NcRdR4,10.11.75.222,39999,10.11.76.25,80,1,POST,contemega.com.do,/,-,1.1,CustomClient/1.0,-,36,19,200,OK,-,-,(empty),-,-,-,-,-,-,FHUSNz440PCt2iUq8i,-,text/html
2024-09-23T17:42:20-0600,Cbd0BfPIejbvEV1u,10.11.75.222,39999,10.11.76.25,80,1,POST,criapediatria.com.br,/,-,1.1,CustomClient/1.0,-,41,19,200,OK,-,-,(empty),-,-,-,-,-,-,FIycIO2DAe83RHQypj,-,text/html
2024-09-23T17:42:20-0600,Ckwu044t7ku7peyX9b,10.11.75.222,39999,10.11.76.25,80,1,POST,crome-update-gr.com,/,-,1.1,CustomClient/1.0,-,48,19,200,OK,-,-,(empty),-,-,-,-,-,-,F8XNHn4fTAd3PjbcO6,-,text/html
2024-09-23T17:42:21-0600,CQFUZ5pAD8ri1RRVf,10.11.75.222,39999,10.11.76.25,80,1,POST,deauduafzgezzfgm.top,/,-,1.1,CustomClient/1.0,-,47,19,200,OK,-,-,(empty),-,-,-,-,-,-,FN81YJ39wL7IXJyhVg,-,text/html
2024-09-23T17:42:21-0600,CdT9r4rCoBtvqLGra,10.11.75.222,39999,10.11.76.25,80,1,POST,dedecms.xueshenit.com,/,-,1.1,CustomClient/1.0,-,39,19,200,OK,-,-,(empty),-,-,-,-,-,-,F3oEZm3N2YsthPEGcb,-,text/html
2024-09-23T17:42:22-0600,CgCgH51eLReHbvS7W5,10.11.75.222,39999,10.11.76.25,80,1,POST,dl.1003b.56a.com,/,-,1.1,CustomClient/1.0,-,34,19,200,OK,-,-,(empty),-,-,-,-,-,-,FlQbcn2S6H9FlIkDgc,-,text/html
2024-09-23T17:42:22-0600,CQFKJb16xN2q3axZHb,10.11.75.222,39999,10.11.76.25,80,1,POST,dld.jxwan.com,/,-,1.1,CustomClient/1.0,-,46,19,200,OK,-,-,(empty),-,-,-,-,-,-,Fiu92y4iWQZPTq6qTj,-,text/html
2024-09-23T17:42:23-0600,CESoRw4mvlXmyhvU76,10.11.75.222,39999,10.11.76.25,80,1,POST,dnvk1.info,/,-,1.1,CustomClient/1.0,-,65,19,200,OK,-,-,(empty),-,-,-,-,-,-,FAvbK52I1GnwhnEXW6,-,text/html
